<?xml version="1.0" encoding="UTF-8" ?><records>
	<record>
		<FirstName>Maile</FirstName>
		<LastName>Buckner</LastName>
		<EmailAddress>dolor.egestas@Sedeu.net</EmailAddress>
		<Address>7279 Consequat, St.</Address>
		<City>Burlington</City>
		<Region>VT</Region>
		<PhoneNumber>1-766-845-1285</PhoneNumber>
	</record>
	<record>
		<FirstName>Angelica</FirstName>
		<LastName>Bennett</LastName>
		<EmailAddress>dui@estac.net</EmailAddress>
		<Address>Ap #911-9390 Amet Street</Address>
		<City>Changwon</City>
		<Region>Gye</Region>
		<PhoneNumber>1-823-831-8326</PhoneNumber>
	</record>
	<record>
		<FirstName>Iona</FirstName>
		<LastName>Neal</LastName>
		<EmailAddress>dolor.egestas.rhoncus@temporarcuVestibulum.edu</EmailAddress>
		<Address>Ap #106-4845 Velit Av.</Address>
		<City>Dutse</City>
		<Region>JI</Region>
		<PhoneNumber>1-818-948-9627</PhoneNumber>
	</record>
	<record>
		<FirstName>Cody</FirstName>
		<LastName>Porter</LastName>
		<EmailAddress>amet.diam@velit.com</EmailAddress>
		<Address>P.O. Box 228, 4339 Ac Av.</Address>
		<City>New Plymouth</City>
		<Region>NI</Region>
		<PhoneNumber>1-926-421-0690</PhoneNumber>
	</record>
	<record>
		<FirstName>Hadassah</FirstName>
		<LastName>Burke</LastName>
		<EmailAddress>ac.nulla.In@ligulaDonec.net</EmailAddress>
		<Address>748-4012 Feugiat Ave</Address>
		<City>Lidingo</City>
		<Region>Stockholms län</Region>
		<PhoneNumber>1-104-856-4717</PhoneNumber>
	</record>
	<record>
		<FirstName>Iris</FirstName>
		<LastName>Figueroa</LastName>
		<EmailAddress>eu.tempor@pulvinar.net</EmailAddress>
		<Address>P.O. Box 119, 4995 Eros Road</Address>
		<City>Vaughan</City>
		<Region>Ontario</Region>
		<PhoneNumber>1-601-653-4240</PhoneNumber>
	</record>
	<record>
		<FirstName>Germaine</FirstName>
		<LastName>Weber</LastName>
		<EmailAddress>ante.ipsum@sit.edu</EmailAddress>
		<Address>P.O. Box 218, 1082 Ipsum Rd.</Address>
		<City>Alingsås</City>
		<Region>O</Region>
		<PhoneNumber>1-588-460-1743</PhoneNumber>
	</record>
	<record>
		<FirstName>Stewart</FirstName>
		<LastName>Barr</LastName>
		<EmailAddress>tortor.dictum@massaQuisque.net</EmailAddress>
		<Address>4130 Egestas. St.</Address>
		<City>Bowling Green</City>
		<Region>KY</Region>
		<PhoneNumber>1-740-573-4514</PhoneNumber>
	</record>
	<record>
		<FirstName>Thomas</FirstName>
		<LastName>Austin</LastName>
		<EmailAddress>Nunc.ac@sollicitudin.net</EmailAddress>
		<Address>P.O. Box 853, 5621 Metus. Av.</Address>
		<City>Yumbel</City>
		<Region>VII</Region>
		<PhoneNumber>1-253-684-0125</PhoneNumber>
	</record>
	<record>
		<FirstName>Cassandra</FirstName>
		<LastName>Gutierrez</LastName>
		<EmailAddress>ut.molestie.in@ametnulla.com</EmailAddress>
		<Address>P.O. Box 179, 9920 Mattis. St.</Address>
		<City>Renca</City>
		<Region>RM</Region>
		<PhoneNumber>1-385-307-6563</PhoneNumber>
	</record>
	<record>
		<FirstName>Ezekiel</FirstName>
		<LastName>Hamilton</LastName>
		<EmailAddress>faucibus@luctuset.net</EmailAddress>
		<Address>Ap #498-3527 Et, St.</Address>
		<City>Kupang</City>
		<Region>NT</Region>
		<PhoneNumber>1-900-770-0848</PhoneNumber>
	</record>
	<record>
		<FirstName>Adria</FirstName>
		<LastName>Aguirre</LastName>
		<EmailAddress>Aenean.eget.magna@loremluctus.org</EmailAddress>
		<Address>562-4450 Elit. Av.</Address>
		<City>Tarnów</City>
		<Region>MP</Region>
		<PhoneNumber>1-455-126-6340</PhoneNumber>
	</record>
	<record>
		<FirstName>Igor</FirstName>
		<LastName>Henson</LastName>
		<EmailAddress>volutpat.Nulla@mollis.com</EmailAddress>
		<Address>Ap #908-9960 A Rd.</Address>
		<City>Irapuato</City>
		<Region>Guanajuato</Region>
		<PhoneNumber>1-693-403-2979</PhoneNumber>
	</record>
	<record>
		<FirstName>Upton</FirstName>
		<LastName>Cleveland</LastName>
		<EmailAddress>ipsum.cursus@turpisIncondimentum.edu</EmailAddress>
		<Address>6489 Malesuada Ave</Address>
		<City>Belfast</City>
		<Region>Ulster</Region>
		<PhoneNumber>1-154-769-3202</PhoneNumber>
	</record>
	<record>
		<FirstName>Jael</FirstName>
		<LastName>Noble</LastName>
		<EmailAddress>et.rutrum@utpharetrased.ca</EmailAddress>
		<Address>Ap #911-9255 Vel, Road</Address>
		<City>Folkestone</City>
		<Region>KE</Region>
		<PhoneNumber>1-731-992-7663</PhoneNumber>
	</record>
	<record>
		<FirstName>Ashton</FirstName>
		<LastName>Hunter</LastName>
		<EmailAddress>et.magnis.dis@lacus.com</EmailAddress>
		<Address>1795 Dolor Rd.</Address>
		<City>Madison</City>
		<Region>WI</Region>
		<PhoneNumber>1-829-126-9582</PhoneNumber>
	</record>
	<record>
		<FirstName>Daria</FirstName>
		<LastName>Nichols</LastName>
		<EmailAddress>feugiat.placerat@gravida.org</EmailAddress>
		<Address>Ap #375-4524 Vestibulum Rd.</Address>
		<City>São Luís</City>
		<Region>MA</Region>
		<PhoneNumber>1-668-694-3508</PhoneNumber>
	</record>
	<record>
		<FirstName>Alyssa</FirstName>
		<LastName>Kent</LastName>
		<EmailAddress>Integer.tincidunt.aliquam@vel.edu</EmailAddress>
		<Address>P.O. Box 548, 9094 Consectetuer Street</Address>
		<City>Kitscoty</City>
		<Region>AB</Region>
		<PhoneNumber>1-966-996-2062</PhoneNumber>
	</record>
	<record>
		<FirstName>Violet</FirstName>
		<LastName>Morris</LastName>
		<EmailAddress>vestibulum.nec@facilisis.com</EmailAddress>
		<Address>P.O. Box 961, 6256 Tincidunt Avenue</Address>
		<City>Southampton</City>
		<Region>Hampshire</Region>
		<PhoneNumber>1-399-784-0562</PhoneNumber>
	</record>
	<record>
		<FirstName>Jerome</FirstName>
		<LastName>Medina</LastName>
		<EmailAddress>tortor.dictum@diam.co.uk</EmailAddress>
		<Address>Ap #281-1319 Ut Rd.</Address>
		<City>Tarnów</City>
		<Region>Małopolskie</Region>
		<PhoneNumber>1-141-268-1758</PhoneNumber>
	</record>
	<record>
		<FirstName>Avye</FirstName>
		<LastName>Myers</LastName>
		<EmailAddress>ut.nisi@sedtortorInteger.net</EmailAddress>
		<Address>3719 Eget Av.</Address>
		<City>Villers-Perwin</City>
		<Region>HE</Region>
		<PhoneNumber>1-437-745-8196</PhoneNumber>
	</record>
	<record>
		<FirstName>Hiram</FirstName>
		<LastName>Macdonald</LastName>
		<EmailAddress>nonummy.ultricies.ornare@volutpatNulla.edu</EmailAddress>
		<Address>8715 Proin Street</Address>
		<City>Lille</City>
		<Region>NO</Region>
		<PhoneNumber>1-113-678-6878</PhoneNumber>
	</record>
	<record>
		<FirstName>Hamilton</FirstName>
		<LastName>English</LastName>
		<EmailAddress>feugiat.placerat.velit@Aliquamultricesiaculis.co.uk</EmailAddress>
		<Address>Ap #523-6737 Lobortis Street</Address>
		<City>Neu-Ulm</City>
		<Region>BY</Region>
		<PhoneNumber>1-882-923-0605</PhoneNumber>
	</record>
	<record>
		<FirstName>Lisandra</FirstName>
		<LastName>Kline</LastName>
		<EmailAddress>ullamcorper.magna@estcongue.ca</EmailAddress>
		<Address>4601 Interdum. Ave</Address>
		<City>Wagga Wagga</City>
		<Region>New South Wales</Region>
		<PhoneNumber>1-219-552-4349</PhoneNumber>
	</record>
	<record>
		<FirstName>Allen</FirstName>
		<LastName>Dorsey</LastName>
		<EmailAddress>Nunc.ullamcorper@mattis.com</EmailAddress>
		<Address>Ap #410-387 Sapien. St.</Address>
		<City>Reading</City>
		<Region>PA</Region>
		<PhoneNumber>1-529-383-3256</PhoneNumber>
	</record>
	<record>
		<FirstName>Shelly</FirstName>
		<LastName>Knight</LastName>
		<EmailAddress>penatibus.et.magnis@auctorodio.co.uk</EmailAddress>
		<Address>645-2267 Nisl Av.</Address>
		<City>Colina</City>
		<Region>Metropolitana de Santiago</Region>
		<PhoneNumber>1-274-892-0644</PhoneNumber>
	</record>
	<record>
		<FirstName>Naida</FirstName>
		<LastName>Dawson</LastName>
		<EmailAddress>enim@pedemalesuada.edu</EmailAddress>
		<Address>P.O. Box 503, 7792 Aliquet Street</Address>
		<City>Yorkton</City>
		<Region>SK</Region>
		<PhoneNumber>1-850-731-0936</PhoneNumber>
	</record>
	<record>
		<FirstName>Kitra</FirstName>
		<LastName>Conway</LastName>
		<EmailAddress>sed.hendrerit@tortorNunc.edu</EmailAddress>
		<Address>9493 Aliquam Road</Address>
		<City>Khuzdar</City>
		<Region>BL</Region>
		<PhoneNumber>1-151-748-3058</PhoneNumber>
	</record>
	<record>
		<FirstName>Fitzgerald</FirstName>
		<LastName>Tran</LastName>
		<EmailAddress>ligula.Aliquam@dolor.ca</EmailAddress>
		<Address>1940 Natoque Rd.</Address>
		<City>Söderhamn</City>
		<Region>Gävleborgs län</Region>
		<PhoneNumber>1-139-311-8944</PhoneNumber>
	</record>
	<record>
		<FirstName>Xerxes</FirstName>
		<LastName>Maxwell</LastName>
		<EmailAddress>In.mi.pede@nibhDonec.org</EmailAddress>
		<Address>Ap #921-4891 Quam Road</Address>
		<City>Geoje</City>
		<Region>South Gyeongsang</Region>
		<PhoneNumber>1-112-722-8926</PhoneNumber>
	</record>
	<record>
		<FirstName>Kuame</FirstName>
		<LastName>Parks</LastName>
		<EmailAddress>at@aptent.edu</EmailAddress>
		<Address>3374 Orci, Rd.</Address>
		<City>Puno</City>
		<Region>Puno</Region>
		<PhoneNumber>1-285-371-2178</PhoneNumber>
	</record>
	<record>
		<FirstName>Alexander</FirstName>
		<LastName>Leon</LastName>
		<EmailAddress>pellentesque@eu.org</EmailAddress>
		<Address>P.O. Box 158, 970 Phasellus Street</Address>
		<City>Paju</City>
		<Region>Gyeonggi</Region>
		<PhoneNumber>1-614-929-9508</PhoneNumber>
	</record>
	<record>
		<FirstName>Steel</FirstName>
		<LastName>Rogers</LastName>
		<EmailAddress>egestas@Namtempor.edu</EmailAddress>
		<Address>836-9178 Integer Ave</Address>
		<City>Tczew</City>
		<Region>Pomorskie</Region>
		<PhoneNumber>1-225-531-9572</PhoneNumber>
	</record>
	<record>
		<FirstName>Wanda</FirstName>
		<LastName>Kemp</LastName>
		<EmailAddress>sed.libero@laoreetposuere.co.uk</EmailAddress>
		<Address>P.O. Box 970, 6021 Quam. Ave</Address>
		<City>Bekkerzeel</City>
		<Region>VB</Region>
		<PhoneNumber>1-426-694-1391</PhoneNumber>
	</record>
	<record>
		<FirstName>Avram</FirstName>
		<LastName>Skinner</LastName>
		<EmailAddress>turpis.Nulla@utodiovel.co.uk</EmailAddress>
		<Address>Ap #142-6069 Aliquet Rd.</Address>
		<City>Sosnowiec</City>
		<Region>Sląskie</Region>
		<PhoneNumber>1-110-241-8195</PhoneNumber>
	</record>
	<record>
		<FirstName>Marah</FirstName>
		<LastName>Crosby</LastName>
		<EmailAddress>convallis.erat.eget@loremut.net</EmailAddress>
		<Address>P.O. Box 236, 8132 Cras St.</Address>
		<City>Åkersberga</City>
		<Region>Stockholms län</Region>
		<PhoneNumber>1-241-552-8631</PhoneNumber>
	</record>
	<record>
		<FirstName>Rahim</FirstName>
		<LastName>Savage</LastName>
		<EmailAddress>ac.eleifend@quis.org</EmailAddress>
		<Address>P.O. Box 506, 370 Feugiat Street</Address>
		<City>Metairie</City>
		<Region>LA</Region>
		<PhoneNumber>1-226-991-5163</PhoneNumber>
	</record>
	<record>
		<FirstName>Paloma</FirstName>
		<LastName>Leblanc</LastName>
		<EmailAddress>sit.amet@accumsan.com</EmailAddress>
		<Address>P.O. Box 298, 4265 Eget Avenue</Address>
		<City>San José</City>
		<Region>SJ</Region>
		<PhoneNumber>1-506-509-7707</PhoneNumber>
	</record>
	<record>
		<FirstName>Malachi</FirstName>
		<LastName>Dalton</LastName>
		<EmailAddress>sem.semper.erat@inlobortistellus.ca</EmailAddress>
		<Address>847-7334 Id Street</Address>
		<City>Castel Volturno</City>
		<Region>Campania</Region>
		<PhoneNumber>1-596-650-5594</PhoneNumber>
	</record>
	<record>
		<FirstName>Elton</FirstName>
		<LastName>Dejesus</LastName>
		<EmailAddress>et.rutrum.non@nonummyacfeugiat.com</EmailAddress>
		<Address>P.O. Box 168, 1406 Non Rd.</Address>
		<City>Bello</City>
		<Region>ANT</Region>
		<PhoneNumber>1-179-329-7757</PhoneNumber>
	</record>
	<record>
		<FirstName>Claudia</FirstName>
		<LastName>Frye</LastName>
		<EmailAddress>turpis.vitae@eleifendnunc.org</EmailAddress>
		<Address>8340 Vestibulum Rd.</Address>
		<City>Thurso</City>
		<Region>Quebec</Region>
		<PhoneNumber>1-100-755-4173</PhoneNumber>
	</record>
	<record>
		<FirstName>Ashton</FirstName>
		<LastName>Clemons</LastName>
		<EmailAddress>nisi.Cum.sociis@habitantmorbitristique.com</EmailAddress>
		<Address>1397 Egestas Avenue</Address>
		<City>Åkersberga</City>
		<Region>Stockholms län</Region>
		<PhoneNumber>1-841-245-2004</PhoneNumber>
	</record>
	<record>
		<FirstName>Robert</FirstName>
		<LastName>Higgins</LastName>
		<EmailAddress>Nulla.eu@ultrices.org</EmailAddress>
		<Address>8651 Molestie Ave</Address>
		<City>Breton</City>
		<Region>Alberta</Region>
		<PhoneNumber>1-336-379-1673</PhoneNumber>
	</record>
	<record>
		<FirstName>Ruby</FirstName>
		<LastName>Cardenas</LastName>
		<EmailAddress>nascetur.ridiculus@lobortis.com</EmailAddress>
		<Address>Ap #802-1838 Suscipit, Street</Address>
		<City>Campinas</City>
		<Region>São Paulo</Region>
		<PhoneNumber>1-372-255-0552</PhoneNumber>
	</record>
	<record>
		<FirstName>Dawn</FirstName>
		<LastName>Stein</LastName>
		<EmailAddress>Integer@eratneque.net</EmailAddress>
		<Address>389-1130 Enim. Road</Address>
		<City>Galway</City>
		<Region>C</Region>
		<PhoneNumber>1-558-633-1834</PhoneNumber>
	</record>
	<record>
		<FirstName>Lucas</FirstName>
		<LastName>Jenkins</LastName>
		<EmailAddress>Nunc.mauris@duinectempus.org</EmailAddress>
		<Address>P.O. Box 513, 4395 Velit Av.</Address>
		<City>Polatlı</City>
		<Region>Ank</Region>
		<PhoneNumber>1-321-161-5191</PhoneNumber>
	</record>
	<record>
		<FirstName>Amy</FirstName>
		<LastName>Rivera</LastName>
		<EmailAddress>nec.mauris.blandit@ridiculusmus.net</EmailAddress>
		<Address>Ap #587-6957 Cursus Rd.</Address>
		<City>Boca del Río</City>
		<Region>Veracruz</Region>
		<PhoneNumber>1-241-739-4626</PhoneNumber>
	</record>
	<record>
		<FirstName>Lillian</FirstName>
		<LastName>Webster</LastName>
		<EmailAddress>Etiam.imperdiet.dictum@sempercursus.org</EmailAddress>
		<Address>P.O. Box 349, 8689 Nulla Street</Address>
		<City>Houston</City>
		<Region>TX</Region>
		<PhoneNumber>1-296-881-7186</PhoneNumber>
	</record>
	<record>
		<FirstName>Risa</FirstName>
		<LastName>Browning</LastName>
		<EmailAddress>tempor.bibendum.Donec@acmattissemper.net</EmailAddress>
		<Address>2583 Consectetuer, Av.</Address>
		<City>Benalla</City>
		<Region>Victoria</Region>
		<PhoneNumber>1-285-856-4726</PhoneNumber>
	</record>
	<record>
		<FirstName>Tatiana</FirstName>
		<LastName>Chavez</LastName>
		<EmailAddress>lobortis.Class@risusa.net</EmailAddress>
		<Address>Ap #277-2785 Aliquam Road</Address>
		<City>Colombes</City>
		<Region>Île-de-France</Region>
		<PhoneNumber>1-427-498-3157</PhoneNumber>
	</record>
	<record>
		<FirstName>Valentine</FirstName>
		<LastName>Powell</LastName>
		<EmailAddress>fames.ac@nisi.com</EmailAddress>
		<Address>727-7195 Molestie Avenue</Address>
		<City>Bourges</City>
		<Region>Centre</Region>
		<PhoneNumber>1-373-593-2466</PhoneNumber>
	</record>
	<record>
		<FirstName>Lavinia</FirstName>
		<LastName>Houston</LastName>
		<EmailAddress>tellus.id.nunc@Donecconsectetuermauris.edu</EmailAddress>
		<Address>846-9928 Congue, Road</Address>
		<City>Serang</City>
		<Region>BT</Region>
		<PhoneNumber>1-318-141-5782</PhoneNumber>
	</record>
	<record>
		<FirstName>Clayton</FirstName>
		<LastName>Leonard</LastName>
		<EmailAddress>nonummy.ipsum.non@ullamcorper.edu</EmailAddress>
		<Address>347-4832 Diam Street</Address>
		<City>San Javier</City>
		<Region>Maule</Region>
		<PhoneNumber>1-632-510-5274</PhoneNumber>
	</record>
	<record>
		<FirstName>Kasimir</FirstName>
		<LastName>Camacho</LastName>
		<EmailAddress>nec.urna.suscipit@Proinegetodio.edu</EmailAddress>
		<Address>P.O. Box 580, 4527 Feugiat. St.</Address>
		<City>Tuscaloosa</City>
		<Region>AL</Region>
		<PhoneNumber>1-447-196-0786</PhoneNumber>
	</record>
	<record>
		<FirstName>Charde</FirstName>
		<LastName>Battle</LastName>
		<EmailAddress>accumsan.sed@Etiam.com</EmailAddress>
		<Address>8272 Leo. St.</Address>
		<City>Peñaflor</City>
		<Region>Metropolitana de Santiago</Region>
		<PhoneNumber>1-240-773-2370</PhoneNumber>
	</record>
	<record>
		<FirstName>Ebony</FirstName>
		<LastName>England</LastName>
		<EmailAddress>Fusce.aliquam@et.com</EmailAddress>
		<Address>365-5657 Ante. St.</Address>
		<City>Boise</City>
		<Region>Idaho</Region>
		<PhoneNumber>1-197-527-0415</PhoneNumber>
	</record>
	<record>
		<FirstName>Maxine</FirstName>
		<LastName>Thornton</LastName>
		<EmailAddress>Aliquam@Donec.org</EmailAddress>
		<Address>1048 Integer Rd.</Address>
		<City>Okpoko</City>
		<Region>Anambra</Region>
		<PhoneNumber>1-322-166-1498</PhoneNumber>
	</record>
	<record>
		<FirstName>Suki</FirstName>
		<LastName>Mccormick</LastName>
		<EmailAddress>eget@mollis.ca</EmailAddress>
		<Address>7199 Ullamcorper, Avenue</Address>
		<City>Istanbul</City>
		<Region>Istanbul</Region>
		<PhoneNumber>1-936-454-9255</PhoneNumber>
	</record>
	<record>
		<FirstName>Nell</FirstName>
		<LastName>Kerr</LastName>
		<EmailAddress>urna@facilisis.ca</EmailAddress>
		<Address>6897 Neque Street</Address>
		<City>Jacksonville</City>
		<Region>Florida</Region>
		<PhoneNumber>1-196-704-1362</PhoneNumber>
	</record>
	<record>
		<FirstName>Cherokee</FirstName>
		<LastName>Riddle</LastName>
		<EmailAddress>placerat.eget.venenatis@estNunclaoreet.co.uk</EmailAddress>
		<Address>P.O. Box 487, 6910 Lobortis Av.</Address>
		<City>Vitry-sur-Seine</City>
		<Region>Île-de-France</Region>
		<PhoneNumber>1-876-525-7347</PhoneNumber>
	</record>
	<record>
		<FirstName>Xandra</FirstName>
		<LastName>Hoffman</LastName>
		<EmailAddress>gravida@aliquet.net</EmailAddress>
		<Address>P.O. Box 447, 8134 Sapien. Avenue</Address>
		<City>Gyeongsan</City>
		<Region>Gye</Region>
		<PhoneNumber>1-289-258-7104</PhoneNumber>
	</record>
	<record>
		<FirstName>Rashad</FirstName>
		<LastName>Sampson</LastName>
		<EmailAddress>dolor.Fusce.mi@nibh.edu</EmailAddress>
		<Address>P.O. Box 766, 5670 Lobortis Rd.</Address>
		<City>Tire</City>
		<Region>İzmir</Region>
		<PhoneNumber>1-900-431-9507</PhoneNumber>
	</record>
	<record>
		<FirstName>Jocelyn</FirstName>
		<LastName>Bird</LastName>
		<EmailAddress>Curae.Donec.tincidunt@bibendumDonecfelis.ca</EmailAddress>
		<Address>618-474 Enim, Road</Address>
		<City>Albany</City>
		<Region>WA</Region>
		<PhoneNumber>1-695-338-8189</PhoneNumber>
	</record>
	<record>
		<FirstName>Dahlia</FirstName>
		<LastName>Petty</LastName>
		<EmailAddress>odio.Etiam.ligula@maurisrhoncus.com</EmailAddress>
		<Address>P.O. Box 638, 4974 Nam St.</Address>
		<City>Mandi Bahauddin</City>
		<Region>PB</Region>
		<PhoneNumber>1-576-117-6783</PhoneNumber>
	</record>
	<record>
		<FirstName>Dane</FirstName>
		<LastName>Avery</LastName>
		<EmailAddress>diam.at.pretium@dignissimpharetra.net</EmailAddress>
		<Address>Ap #585-9407 Massa. Rd.</Address>
		<City>Jeongeup</City>
		<Region>Jeo</Region>
		<PhoneNumber>1-211-744-0691</PhoneNumber>
	</record>
	<record>
		<FirstName>Lara</FirstName>
		<LastName>Reeves</LastName>
		<EmailAddress>erat@Etiam.edu</EmailAddress>
		<Address>Ap #190-9607 Sed Rd.</Address>
		<City>Murmansk</City>
		<Region>Murmansk Oblast</Region>
		<PhoneNumber>1-887-534-6583</PhoneNumber>
	</record>
	<record>
		<FirstName>Hilel</FirstName>
		<LastName>Berry</LastName>
		<EmailAddress>ipsum.nunc@Crasvulputatevelit.edu</EmailAddress>
		<Address>550-6283 Rhoncus. Rd.</Address>
		<City>Ergani</City>
		<Region>Diy</Region>
		<PhoneNumber>1-455-539-6842</PhoneNumber>
	</record>
	<record>
		<FirstName>Deacon</FirstName>
		<LastName>Sanders</LastName>
		<EmailAddress>In.condimentum@incursus.ca</EmailAddress>
		<Address>716-6490 Quisque Street</Address>
		<City>Yurimaguas</City>
		<Region>LOR</Region>
		<PhoneNumber>1-437-937-5752</PhoneNumber>
	</record>
	<record>
		<FirstName>Reece</FirstName>
		<LastName>Quinn</LastName>
		<EmailAddress>vulputate@tempor.net</EmailAddress>
		<Address>Ap #704-5825 Augue Street</Address>
		<City>Colombo</City>
		<Region>Paraná</Region>
		<PhoneNumber>1-744-557-7707</PhoneNumber>
	</record>
	<record>
		<FirstName>Tana</FirstName>
		<LastName>Crawford</LastName>
		<EmailAddress>dolor.sit.amet@magnisdisparturient.net</EmailAddress>
		<Address>Ap #273-7405 Sit Street</Address>
		<City>Murmansk</City>
		<Region>Murmansk Oblast</Region>
		<PhoneNumber>1-983-826-0461</PhoneNumber>
	</record>
	<record>
		<FirstName>Marvin</FirstName>
		<LastName>Bryant</LastName>
		<EmailAddress>facilisis.lorem.tristique@euismod.net</EmailAddress>
		<Address>240-2115 Enim Rd.</Address>
		<City>Sahiwal</City>
		<Region>PB</Region>
		<PhoneNumber>1-232-887-3886</PhoneNumber>
	</record>
	<record>
		<FirstName>Basia</FirstName>
		<LastName>Scott</LastName>
		<EmailAddress>per.conubia.nostra@orci.edu</EmailAddress>
		<Address>Ap #162-1468 Nec St.</Address>
		<City>Puno</City>
		<Region>PUN</Region>
		<PhoneNumber>1-469-450-4690</PhoneNumber>
	</record>
	<record>
		<FirstName>Alvin</FirstName>
		<LastName>Knapp</LastName>
		<EmailAddress>in@enim.ca</EmailAddress>
		<Address>780-6790 Sit Street</Address>
		<City>Rigolet</City>
		<Region>NL</Region>
		<PhoneNumber>1-809-240-4390</PhoneNumber>
	</record>
	<record>
		<FirstName>Vaughan</FirstName>
		<LastName>Stark</LastName>
		<EmailAddress>ante@magnisdisparturient.com</EmailAddress>
		<Address>P.O. Box 588, 9317 Phasellus Street</Address>
		<City>Pukekohe</City>
		<Region>North Island</Region>
		<PhoneNumber>1-776-658-6845</PhoneNumber>
	</record>
	<record>
		<FirstName>Rylee</FirstName>
		<LastName>Whitney</LastName>
		<EmailAddress>quis.massa.Mauris@quispedeSuspendisse.ca</EmailAddress>
		<Address>P.O. Box 292, 9266 Et Avenue</Address>
		<City>Cartagena</City>
		<Region>BOL</Region>
		<PhoneNumber>1-514-307-3105</PhoneNumber>
	</record>
	<record>
		<FirstName>Lev</FirstName>
		<LastName>Mayo</LastName>
		<EmailAddress>felis@netuset.edu</EmailAddress>
		<Address>P.O. Box 450, 4295 Vitae Street</Address>
		<City>León</City>
		<Region>Guanajuato</Region>
		<PhoneNumber>1-764-368-2223</PhoneNumber>
	</record>
	<record>
		<FirstName>Cecilia</FirstName>
		<LastName>Johnston</LastName>
		<EmailAddress>commodo@tellus.net</EmailAddress>
		<Address>1257 Non, Road</Address>
		<City>Southwell</City>
		<Region>NT</Region>
		<PhoneNumber>1-149-571-0827</PhoneNumber>
	</record>
	<record>
		<FirstName>Signe</FirstName>
		<LastName>Stevens</LastName>
		<EmailAddress>dis.parturient@utipsum.co.uk</EmailAddress>
		<Address>310-9345 Cursus Av.</Address>
		<City>Manukau</City>
		<Region>NI</Region>
		<PhoneNumber>1-200-440-2052</PhoneNumber>
	</record>
	<record>
		<FirstName>Bertha</FirstName>
		<LastName>Rice</LastName>
		<EmailAddress>molestie.arcu.Sed@Suspendissetristiqueneque.edu</EmailAddress>
		<Address>745-3547 A, Avenue</Address>
		<City>Waitara</City>
		<Region>NI</Region>
		<PhoneNumber>1-767-293-0516</PhoneNumber>
	</record>
	<record>
		<FirstName>Vaughan</FirstName>
		<LastName>Navarro</LastName>
		<EmailAddress>non.dui@etlacinia.net</EmailAddress>
		<Address>Ap #918-1688 Velit. Rd.</Address>
		<City>Torrejón de Ardoz</City>
		<Region>Madrid</Region>
		<PhoneNumber>1-178-817-3278</PhoneNumber>
	</record>
	<record>
		<FirstName>Bernard</FirstName>
		<LastName>Allison</LastName>
		<EmailAddress>adipiscing@sitametlorem.net</EmailAddress>
		<Address>Ap #119-982 Erat Ave</Address>
		<City>Hamburg</City>
		<Region>Hamburg</Region>
		<PhoneNumber>1-857-172-8170</PhoneNumber>
	</record>
	<record>
		<FirstName>Jasper</FirstName>
		<LastName>Gordon</LastName>
		<EmailAddress>aliquam@elementumpurusaccumsan.com</EmailAddress>
		<Address>P.O. Box 378, 9424 Imperdiet Av.</Address>
		<City>Vienna</City>
		<Region>Vienna</Region>
		<PhoneNumber>1-503-938-2368</PhoneNumber>
	</record>
	<record>
		<FirstName>Kay</FirstName>
		<LastName>Bass</LastName>
		<EmailAddress>et.arcu@Craseget.ca</EmailAddress>
		<Address>8843 Nonummy St.</Address>
		<City>Irkutsk</City>
		<Region>Irkutsk Oblast</Region>
		<PhoneNumber>1-273-637-5127</PhoneNumber>
	</record>
	<record>
		<FirstName>Brian</FirstName>
		<LastName>Battle</LastName>
		<EmailAddress>a@dolorQuisque.edu</EmailAddress>
		<Address>P.O. Box 694, 5746 Nibh. Avenue</Address>
		<City>Vienna</City>
		<Region>Wie</Region>
		<PhoneNumber>1-463-196-1407</PhoneNumber>
	</record>
	<record>
		<FirstName>Seth</FirstName>
		<LastName>Duke</LastName>
		<EmailAddress>pellentesque.tellus.sem@nonjustoProin.net</EmailAddress>
		<Address>P.O. Box 913, 8767 Venenatis Avenue</Address>
		<City>Chungju</City>
		<Region>North Chungcheong</Region>
		<PhoneNumber>1-910-846-2418</PhoneNumber>
	</record>
	<record>
		<FirstName>James</FirstName>
		<LastName>Pratt</LastName>
		<EmailAddress>Sed@hendreritDonec.edu</EmailAddress>
		<Address>Ap #358-689 Eget Rd.</Address>
		<City>Fort Worth</City>
		<Region>TX</Region>
		<PhoneNumber>1-530-171-6362</PhoneNumber>
	</record>
	<record>
		<FirstName>Timon</FirstName>
		<LastName>Poole</LastName>
		<EmailAddress>sapien.Aenean.massa@acnullaIn.org</EmailAddress>
		<Address>4322 Aliquam Av.</Address>
		<City>Markham</City>
		<Region>ON</Region>
		<PhoneNumber>1-571-807-0674</PhoneNumber>
	</record>
	<record>
		<FirstName>Paloma</FirstName>
		<LastName>Good</LastName>
		<EmailAddress>parturient@afelis.co.uk</EmailAddress>
		<Address>P.O. Box 863, 2031 Orci, Street</Address>
		<City>Rionegro</City>
		<Region>Antioquia</Region>
		<PhoneNumber>1-940-328-8499</PhoneNumber>
	</record>
	<record>
		<FirstName>Kirestin</FirstName>
		<LastName>Mcdowell</LastName>
		<EmailAddress>Vivamus.nibh.dolor@dolorFuscefeugiat.ca</EmailAddress>
		<Address>751-145 Quis, St.</Address>
		<City>Kano</City>
		<Region>KN</Region>
		<PhoneNumber>1-494-771-2643</PhoneNumber>
	</record>
	<record>
		<FirstName>Hop</FirstName>
		<LastName>Holman</LastName>
		<EmailAddress>nunc@amet.net</EmailAddress>
		<Address>P.O. Box 844, 5238 Dolor Road</Address>
		<City>Abingdon</City>
		<Region>Berkshire</Region>
		<PhoneNumber>1-149-474-8828</PhoneNumber>
	</record>
	<record>
		<FirstName>Raya</FirstName>
		<LastName>Salas</LastName>
		<EmailAddress>dictum.eu@semmolestie.com</EmailAddress>
		<Address>619-5449 Aliquam Road</Address>
		<City>Manukau</City>
		<Region>North Island</Region>
		<PhoneNumber>1-170-449-0700</PhoneNumber>
	</record>
	<record>
		<FirstName>Kay</FirstName>
		<LastName>Moses</LastName>
		<EmailAddress>euismod.enim@amet.co.uk</EmailAddress>
		<Address>Ap #199-2606 Penatibus Avenue</Address>
		<City>Huesca</City>
		<Region>Aragón</Region>
		<PhoneNumber>1-359-414-4256</PhoneNumber>
	</record>
	<record>
		<FirstName>Oscar</FirstName>
		<LastName>Mcdonald</LastName>
		<EmailAddress>nibh@non.com</EmailAddress>
		<Address>P.O. Box 957, 2709 Sagittis St.</Address>
		<City>Galway</City>
		<Region>Connacht</Region>
		<PhoneNumber>1-640-684-6092</PhoneNumber>
	</record>
	<record>
		<FirstName>Ignatius</FirstName>
		<LastName>Preston</LastName>
		<EmailAddress>In@cursusnonegestas.com</EmailAddress>
		<Address>P.O. Box 664, 8621 Mauris Av.</Address>
		<City>Gorakhpur</City>
		<Region>UP</Region>
		<PhoneNumber>1-104-920-8940</PhoneNumber>
	</record>
	<record>
		<FirstName>Alexis</FirstName>
		<LastName>Wong</LastName>
		<EmailAddress>scelerisque.sed.sapien@velpedeblandit.co.uk</EmailAddress>
		<Address>741-2448 Aliquam Road</Address>
		<City>Mogi das Cruzes</City>
		<Region>SP</Region>
		<PhoneNumber>1-470-110-0083</PhoneNumber>
	</record>
	<record>
		<FirstName>Carly</FirstName>
		<LastName>Carney</LastName>
		<EmailAddress>Donec@antelectus.net</EmailAddress>
		<Address>P.O. Box 389, 7987 Auctor, Avenue</Address>
		<City>Daejeon</City>
		<Region>South Chungcheong</Region>
		<PhoneNumber>1-734-724-1046</PhoneNumber>
	</record>
	<record>
		<FirstName>Adrienne</FirstName>
		<LastName>Cabrera</LastName>
		<EmailAddress>sem.semper.erat@vitae.org</EmailAddress>
		<Address>Ap #827-7546 Nam St.</Address>
		<City>Southaven</City>
		<Region>MS</Region>
		<PhoneNumber>1-855-665-0723</PhoneNumber>
	</record>
	<record>
		<FirstName>Tallulah</FirstName>
		<LastName>Guzman</LastName>
		<EmailAddress>ornare@Phasellus.ca</EmailAddress>
		<Address>3303 Aliquam, Rd.</Address>
		<City>Uyo</City>
		<Region>AK</Region>
		<PhoneNumber>1-730-844-9539</PhoneNumber>
	</record>
	<record>
		<FirstName>Desirae</FirstName>
		<LastName>Bauer</LastName>
		<EmailAddress>neque@rutrumurna.com</EmailAddress>
		<Address>P.O. Box 353, 5782 Libero St.</Address>
		<City>Orange</City>
		<Region>NSW</Region>
		<PhoneNumber>1-281-206-4480</PhoneNumber>
	</record>
	<record>
		<FirstName>Madeline</FirstName>
		<LastName>Neal</LastName>
		<EmailAddress>pede@orciPhasellusdapibus.edu</EmailAddress>
		<Address>P.O. Box 938, 2934 Imperdiet Street</Address>
		<City>Jefferson City</City>
		<Region>Missouri</Region>
		<PhoneNumber>1-484-627-4389</PhoneNumber>
	</record>
</records>