<?xml version="1.0" encoding="UTF-8" ?><records>
	<record>
		<FirstName>Mary</FirstName>
		<LastName>Spence</LastName>
		<EmailAddress>per.conubia@id.edu</EmailAddress>
		<Address>684-7289 Fusce Av.</Address>
		<City>Toruń</City>
		<Region>Kujawsko-pomorskie</Region>
		<PhoneNumber>1-282-923-8034</PhoneNumber>
	</record>
	<record>
		<FirstName>Emma</FirstName>
		<LastName>Grant</LastName>
		<EmailAddress>cursus@egestas.net</EmailAddress>
		<Address>Ap #191-3494 Curabitur Rd.</Address>
		<City>Queanbeyan</City>
		<Region>New South Wales</Region>
		<PhoneNumber>1-362-256-2573</PhoneNumber>
	</record>
	<record>
		<FirstName>Amelia</FirstName>
		<LastName>Alexander</LastName>
		<EmailAddress>sit.amet@telluseuaugue.edu</EmailAddress>
		<Address>P.O. Box 115, 2775 Dictum Rd.</Address>
		<City>Blue Mountains</City>
		<Region>NSW</Region>
		<PhoneNumber>1-368-762-4186</PhoneNumber>
	</record>
	<record>
		<FirstName>Jermaine</FirstName>
		<LastName>Castro</LastName>
		<EmailAddress>fames@molestieSed.edu</EmailAddress>
		<Address>3823 Ac Ave</Address>
		<City>Collines-de-l'Outaouais</City>
		<Region>Quebec</Region>
		<PhoneNumber>1-294-812-1042</PhoneNumber>
	</record>
	<record>
		<FirstName>Burton</FirstName>
		<LastName>Bernard</LastName>
		<EmailAddress>eget.varius.ultrices@ultricesposuere.com</EmailAddress>
		<Address>Ap #991-2002 Ipsum. Avenue</Address>
		<City>Oviedo</City>
		<Region>Principado de Asturias</Region>
		<PhoneNumber>1-982-197-7390</PhoneNumber>
	</record>
	<record>
		<FirstName>Marcia</FirstName>
		<LastName>Williams</LastName>
		<EmailAddress>non.quam@infelis.net</EmailAddress>
		<Address>P.O. Box 546, 4530 Curabitur Ave</Address>
		<City>Jaén</City>
		<Region>CAJ</Region>
		<PhoneNumber>1-284-447-8817</PhoneNumber>
	</record>
	<record>
		<FirstName>Cassandra</FirstName>
		<LastName>Daugherty</LastName>
		<EmailAddress>enim.sit.amet@mattisornare.net</EmailAddress>
		<Address>5125 Id, Av.</Address>
		<City>Apartadó</City>
		<Region>Antioquia</Region>
		<PhoneNumber>1-524-436-0231</PhoneNumber>
	</record>
	<record>
		<FirstName>Duncan</FirstName>
		<LastName>Winters</LastName>
		<EmailAddress>ipsum.porta@felispurus.edu</EmailAddress>
		<Address>615-5271 Eget Av.</Address>
		<City>Kearny</City>
		<Region>ON</Region>
		<PhoneNumber>1-372-798-5333</PhoneNumber>
	</record>
	<record>
		<FirstName>Nolan</FirstName>
		<LastName>Rodgers</LastName>
		<EmailAddress>Vivamus.nibh@morbitristiquesenectus.net</EmailAddress>
		<Address>P.O. Box 901, 4612 Nec St.</Address>
		<City>Vienna</City>
		<Region>Wie</Region>
		<PhoneNumber>1-723-240-0496</PhoneNumber>
	</record>
	<record>
		<FirstName>Melyssa</FirstName>
		<LastName>Spencer</LastName>
		<EmailAddress>In@urnaUttincidunt.net</EmailAddress>
		<Address>P.O. Box 356, 9026 Sed St.</Address>
		<City>Pelarco</City>
		<Region>VII</Region>
		<PhoneNumber>1-554-105-9320</PhoneNumber>
	</record>
	<record>
		<FirstName>Yvette</FirstName>
		<LastName>Leonard</LastName>
		<EmailAddress>Cras.sed@necorciDonec.co.uk</EmailAddress>
		<Address>P.O. Box 425, 4316 Nec, Av.</Address>
		<City>Erode</City>
		<Region>Tamil Nadu</Region>
		<PhoneNumber>1-662-897-2515</PhoneNumber>
	</record>
	<record>
		<FirstName>Mariko</FirstName>
		<LastName>Oliver</LastName>
		<EmailAddress>nulla.In.tincidunt@facilisis.com</EmailAddress>
		<Address>760-5325 Rhoncus. Ave</Address>
		<City>Minna</City>
		<Region>NI</Region>
		<PhoneNumber>1-294-647-0983</PhoneNumber>
	</record>
	<record>
		<FirstName>Mariko</FirstName>
		<LastName>Blevins</LastName>
		<EmailAddress>natoque.penatibus.et@Vivamus.com</EmailAddress>
		<Address>264-3296 Lectus, Av.</Address>
		<City>Veere</City>
		<Region>Zl</Region>
		<PhoneNumber>1-485-873-3905</PhoneNumber>
	</record>
	<record>
		<FirstName>Keegan</FirstName>
		<LastName>Ward</LastName>
		<EmailAddress>lorem.vitae@miloremvehicula.co.uk</EmailAddress>
		<Address>Ap #731-3480 Et Street</Address>
		<City>Henderson</City>
		<Region>NV</Region>
		<PhoneNumber>1-997-711-9185</PhoneNumber>
	</record>
	<record>
		<FirstName>Rashad</FirstName>
		<LastName>Sanders</LastName>
		<EmailAddress>metus.Vivamus.euismod@vulputatenisi.edu</EmailAddress>
		<Address>P.O. Box 796, 1705 Ante. Ave</Address>
		<City>Ciudad Madero</City>
		<Region>Tamaulipas</Region>
		<PhoneNumber>1-545-609-3893</PhoneNumber>
	</record>
	<record>
		<FirstName>Anjolie</FirstName>
		<LastName>Cooper</LastName>
		<EmailAddress>Ut.semper.pretium@sedlibero.com</EmailAddress>
		<Address>P.O. Box 869, 7173 Arcu Rd.</Address>
		<City>Wood Buffalo</City>
		<Region>AB</Region>
		<PhoneNumber>1-584-782-0475</PhoneNumber>
	</record>
	<record>
		<FirstName>Lydia</FirstName>
		<LastName>Christian</LastName>
		<EmailAddress>posuere.vulputate@Phasellusinfelis.com</EmailAddress>
		<Address>Ap #968-3600 Penatibus Rd.</Address>
		<City>Flushing</City>
		<Region>Zl</Region>
		<PhoneNumber>1-199-756-8770</PhoneNumber>
	</record>
	<record>
		<FirstName>Whitney</FirstName>
		<LastName>Collier</LastName>
		<EmailAddress>Cras.dictum.ultricies@blandit.net</EmailAddress>
		<Address>P.O. Box 862, 9358 Vel Rd.</Address>
		<City>Colombes</City>
		<Region>IL</Region>
		<PhoneNumber>1-510-262-3718</PhoneNumber>
	</record>
	<record>
		<FirstName>Shana</FirstName>
		<LastName>Graves</LastName>
		<EmailAddress>Aliquam@tristiquesenectuset.edu</EmailAddress>
		<Address>Ap #646-4050 Ornare Rd.</Address>
		<City>Patarrá</City>
		<Region>San José</Region>
		<PhoneNumber>1-546-702-9197</PhoneNumber>
	</record>
	<record>
		<FirstName>Ferdinand</FirstName>
		<LastName>Kemp</LastName>
		<EmailAddress>erat.Etiam.vestibulum@Cumsociisnatoque.ca</EmailAddress>
		<Address>P.O. Box 187, 8877 Tristique Avenue</Address>
		<City>Belfast</City>
		<Region>Ulster</Region>
		<PhoneNumber>1-354-621-6553</PhoneNumber>
	</record>
	<record>
		<FirstName>Maggy</FirstName>
		<LastName>Salazar</LastName>
		<EmailAddress>dolor@neque.edu</EmailAddress>
		<Address>Ap #601-2250 Eu St.</Address>
		<City>Mottola</City>
		<Region>Puglia</Region>
		<PhoneNumber>1-897-136-3289</PhoneNumber>
	</record>
	<record>
		<FirstName>Imelda</FirstName>
		<LastName>Colon</LastName>
		<EmailAddress>enim@Quisque.com</EmailAddress>
		<Address>P.O. Box 782, 332 Orci. Av.</Address>
		<City>Alhué</City>
		<Region>RM</Region>
		<PhoneNumber>1-813-871-3495</PhoneNumber>
	</record>
	<record>
		<FirstName>Claire</FirstName>
		<LastName>Glover</LastName>
		<EmailAddress>dui.quis@bibendum.net</EmailAddress>
		<Address>338-6635 Risus. Ave</Address>
		<City>Monterrey</City>
		<Region>N.L</Region>
		<PhoneNumber>1-403-726-6779</PhoneNumber>
	</record>
	<record>
		<FirstName>Otto</FirstName>
		<LastName>Mccarthy</LastName>
		<EmailAddress>malesuada@dictumcursus.org</EmailAddress>
		<Address>Ap #174-7050 Sem. Street</Address>
		<City>Lochgilphead</City>
		<Region>Argyllshire</Region>
		<PhoneNumber>1-752-397-4610</PhoneNumber>
	</record>
	<record>
		<FirstName>Ulysses</FirstName>
		<LastName>Rich</LastName>
		<EmailAddress>sem@nullaante.com</EmailAddress>
		<Address>1626 Mi Ave</Address>
		<City>Gboko</City>
		<Region>BE</Region>
		<PhoneNumber>1-973-334-2710</PhoneNumber>
	</record>
	<record>
		<FirstName>Germaine</FirstName>
		<LastName>Gibbs</LastName>
		<EmailAddress>velit.Pellentesque.ultricies@hendreritDonec.ca</EmailAddress>
		<Address>P.O. Box 572, 7153 Suspendisse St.</Address>
		<City>Patna</City>
		<Region>Bihar</Region>
		<PhoneNumber>1-296-800-6603</PhoneNumber>
	</record>
	<record>
		<FirstName>Rachel</FirstName>
		<LastName>Kelley</LastName>
		<EmailAddress>diam@primisin.edu</EmailAddress>
		<Address>1878 Id Street</Address>
		<City>Ivanovo</City>
		<Region>IVA</Region>
		<PhoneNumber>1-403-997-4459</PhoneNumber>
	</record>
	<record>
		<FirstName>Rama</FirstName>
		<LastName>Mckenzie</LastName>
		<EmailAddress>iaculis@magnaCras.edu</EmailAddress>
		<Address>P.O. Box 450, 9074 Faucibus St.</Address>
		<City>Eastbourne</City>
		<Region>SS</Region>
		<PhoneNumber>1-759-311-9243</PhoneNumber>
	</record>
	<record>
		<FirstName>April</FirstName>
		<LastName>Figueroa</LastName>
		<EmailAddress>Ut.semper@purusactellus.net</EmailAddress>
		<Address>Ap #754-2834 Sed St.</Address>
		<City>Juneau</City>
		<Region>AK</Region>
		<PhoneNumber>1-389-246-5369</PhoneNumber>
	</record>
	<record>
		<FirstName>Griffin</FirstName>
		<LastName>Harvey</LastName>
		<EmailAddress>sit@ac.net</EmailAddress>
		<Address>2980 Primis Avenue</Address>
		<City>Tomaszów Mazowiecki</City>
		<Region>łódzkie</Region>
		<PhoneNumber>1-839-413-9959</PhoneNumber>
	</record>
	<record>
		<FirstName>Arsenio</FirstName>
		<LastName>Contreras</LastName>
		<EmailAddress>nonummy.Fusce@amet.com</EmailAddress>
		<Address>933-8347 Non Rd.</Address>
		<City>Mogi das Cruzes</City>
		<Region>São Paulo</Region>
		<PhoneNumber>1-931-387-6170</PhoneNumber>
	</record>
	<record>
		<FirstName>India</FirstName>
		<LastName>Dodson</LastName>
		<EmailAddress>Suspendisse.non@sodales.co.uk</EmailAddress>
		<Address>2436 Eget Rd.</Address>
		<City>Karacabey</City>
		<Region>Bur</Region>
		<PhoneNumber>1-881-676-5096</PhoneNumber>
	</record>
	<record>
		<FirstName>Brynn</FirstName>
		<LastName>Frazier</LastName>
		<EmailAddress>nisl@eulacusQuisque.ca</EmailAddress>
		<Address>Ap #865-1665 Sem Rd.</Address>
		<City>Berlin</City>
		<Region>Berlin</Region>
		<PhoneNumber>1-555-827-5405</PhoneNumber>
	</record>
	<record>
		<FirstName>Jason</FirstName>
		<LastName>Woodard</LastName>
		<EmailAddress>mauris@vulputateduinec.org</EmailAddress>
		<Address>848-3416 Ultricies Rd.</Address>
		<City>Warrnambool</City>
		<Region>Victoria</Region>
		<PhoneNumber>1-805-464-3511</PhoneNumber>
	</record>
	<record>
		<FirstName>Kaseem</FirstName>
		<LastName>Bennett</LastName>
		<EmailAddress>et.arcu.imperdiet@sedpedenec.ca</EmailAddress>
		<Address>817-2667 Volutpat Ave</Address>
		<City>Orenburg</City>
		<Region>Orenburg Oblast</Region>
		<PhoneNumber>1-313-396-2186</PhoneNumber>
	</record>
	<record>
		<FirstName>Alec</FirstName>
		<LastName>Hickman</LastName>
		<EmailAddress>dictum.eleifend.nunc@Donecnon.org</EmailAddress>
		<Address>5487 Sem. Rd.</Address>
		<City>Bregenz</City>
		<Region>Vorarlberg</Region>
		<PhoneNumber>1-636-974-3589</PhoneNumber>
	</record>
	<record>
		<FirstName>Iona</FirstName>
		<LastName>Robinson</LastName>
		<EmailAddress>dui.quis@arcuac.co.uk</EmailAddress>
		<Address>Ap #728-3995 Odio Street</Address>
		<City>Bengkulu</City>
		<Region>BE</Region>
		<PhoneNumber>1-446-334-4032</PhoneNumber>
	</record>
	<record>
		<FirstName>Joel</FirstName>
		<LastName>Dean</LastName>
		<EmailAddress>eu.placerat@euenim.edu</EmailAddress>
		<Address>8367 Ullamcorper. Rd.</Address>
		<City>Toruń</City>
		<Region>KP</Region>
		<PhoneNumber>1-872-449-6448</PhoneNumber>
	</record>
	<record>
		<FirstName>Michael</FirstName>
		<LastName>Snyder</LastName>
		<EmailAddress>sodales.purus@ante.co.uk</EmailAddress>
		<Address>447-9788 Ut Rd.</Address>
		<City>San Felipe</City>
		<Region>SJ</Region>
		<PhoneNumber>1-955-779-5467</PhoneNumber>
	</record>
	<record>
		<FirstName>Mary</FirstName>
		<LastName>Vance</LastName>
		<EmailAddress>dictum.Proin@Donecporttitortellus.com</EmailAddress>
		<Address>P.O. Box 382, 5179 Et Ave</Address>
		<City>Katowice</City>
		<Region>SL</Region>
		<PhoneNumber>1-771-871-8896</PhoneNumber>
	</record>
	<record>
		<FirstName>Serina</FirstName>
		<LastName>James</LastName>
		<EmailAddress>molestie.arcu@interdum.ca</EmailAddress>
		<Address>P.O. Box 323, 8037 Dictum Rd.</Address>
		<City>Porto Alegre</City>
		<Region>RS</Region>
		<PhoneNumber>1-345-545-9266</PhoneNumber>
	</record>
	<record>
		<FirstName>Meghan</FirstName>
		<LastName>Contreras</LastName>
		<EmailAddress>lobortis@aceleifendvitae.com</EmailAddress>
		<Address>P.O. Box 803, 5418 Id, Road</Address>
		<City>Fort Collins</City>
		<Region>CO</Region>
		<PhoneNumber>1-945-522-5709</PhoneNumber>
	</record>
	<record>
		<FirstName>Yeo</FirstName>
		<LastName>Haney</LastName>
		<EmailAddress>elit.pharetra.ut@ProinvelitSed.co.uk</EmailAddress>
		<Address>2306 Pretium Rd.</Address>
		<City>Falun</City>
		<Region>W</Region>
		<PhoneNumber>1-219-930-1848</PhoneNumber>
	</record>
	<record>
		<FirstName>Hunter</FirstName>
		<LastName>Murphy</LastName>
		<EmailAddress>sem@lacusvarius.org</EmailAddress>
		<Address>Ap #540-6062 Et St.</Address>
		<City>Vienna</City>
		<Region>Wie</Region>
		<PhoneNumber>1-311-153-8032</PhoneNumber>
	</record>
	<record>
		<FirstName>Rama</FirstName>
		<LastName>Spears</LastName>
		<EmailAddress>dolor@orciUtsemper.ca</EmailAddress>
		<Address>Ap #711-8606 Pede, Rd.</Address>
		<City>Saint-Nazaire</City>
		<Region>PA</Region>
		<PhoneNumber>1-613-942-9518</PhoneNumber>
	</record>
	<record>
		<FirstName>Brandon</FirstName>
		<LastName>Jimenez</LastName>
		<EmailAddress>penatibus.et.magnis@elitEtiamlaoreet.co.uk</EmailAddress>
		<Address>P.O. Box 610, 5753 Lacinia St.</Address>
		<City>Hamburg</City>
		<Region>HH</Region>
		<PhoneNumber>1-963-971-8980</PhoneNumber>
	</record>
	<record>
		<FirstName>Clayton</FirstName>
		<LastName>Leonard</LastName>
		<EmailAddress>nonummy.ipsum.non@ullamcorper.edu</EmailAddress>
		<Address>Promyk</Address>
		<City>Cracow</City>
		<Region>Poland</Region>
		<PhoneNumber>9-632-510-1111</PhoneNumber>
	</record>
	<record>
		<FirstName>Kasimir</FirstName>
		<LastName>Camacho</LastName>
		<EmailAddress>nec.urna.suscipit@Proinegetodio.edu</EmailAddress>
		<Address>Promyk</Address>
		<City>Cracow</City>
		<Region>Poland</Region>
		<PhoneNumber>9-447-196-1111</PhoneNumber>
	</record>
	<record>
		<FirstName>Charde</FirstName>
		<LastName>Battle</LastName>
		<EmailAddress>accumsan.sed@Etiam.com</EmailAddress>
		<Address>Promyk</Address>
		<City>Cracow</City>
		<Region>Poland</Region>
		<PhoneNumber>9-240-773-1111</PhoneNumber>
	</record>
	<record>
		<FirstName>Ebony</FirstName>
		<LastName>England</LastName>
		<EmailAddress>Fusce.aliquam@et.com</EmailAddress>
		<Address>Promyk</Address>
		<City>Cracow</City>
		<Region>Poland</Region>
		<PhoneNumber>9-197-527-1111</PhoneNumber>
	</record>
	<record>
		<FirstName>Maxine</FirstName>
		<LastName>Thornton</LastName>
		<EmailAddress>Aliquam@Donec.org</EmailAddress>
		<Address>Promyk</Address>
		<City>Cracow</City>
		<Region>Poland</Region>
		<PhoneNumber>9-322-166-1111</PhoneNumber>
	</record>
</records>